{"errors":[],"warnings":[],"namedChunkGroups":{"app":{"chunks":[5,0],"assets":["webpack-runtime-cb169f972795c67b4d72.js","webpack-runtime-cb169f972795c67b4d72.js.map","app-81e9b426084fe6af01f6.js","app-81e9b426084fe6af01f6.js.map"],"children":{},"childAssets":{}},"component---web-pages-404-tsx":{"chunks":[1],"assets":["component---web-pages-404-tsx-1ca1016239400921f1ed.js","component---web-pages-404-tsx-1ca1016239400921f1ed.js.map"],"children":{},"childAssets":{}},"component---web-pages-index-tsx":{"chunks":[4,2],"assets":["4-9c94c6b66a97213ace76.js","4-9c94c6b66a97213ace76.js.map","component---web-pages-index-tsx-7b6a97bf6f97646aef01.js","component---web-pages-index-tsx-7b6a97bf6f97646aef01.js.map"],"children":{},"childAssets":{}}},"assetsByChunkName":{"app":["webpack-runtime-cb169f972795c67b4d72.js","app-81e9b426084fe6af01f6.js"],"component---web-pages-404-tsx":["component---web-pages-404-tsx-1ca1016239400921f1ed.js"],"component---web-pages-index-tsx":["4-9c94c6b66a97213ace76.js","component---web-pages-index-tsx-7b6a97bf6f97646aef01.js"]}}